{"cameraMode":{"drawMode":0,"name":"Shaded","section":"Shading Mode"},"sceneLighting":true,"audioPlay":false,"sceneViewState":{"showFog":true,"showMaterialUpdate":false,"showSkybox":true,"showFlares":true,"showImageEffects":true,"showParticleSystems":true},"in2DMode":false,"pivot":{"x":7.194204807281494,"y":1.653031349182129,"z":-1.36151921749115},"rotation":{"x":0.10731524229049683,"y":-0.24636399745941163,"z":0.02745993249118328,"w":0.9628297090530396},"size":10.33881664276123,"orthographic":false}